{
    "loss": [
        0.055303480476140976,
        0.059955891221761703,
        0.0607987605035305,
        0.05107719823718071,
        0.04690440371632576,
        0.040808532387018204,
        0.047597240656614304,
        0.03718125820159912,
        0.03491551801562309,
        0.0445583201944828,
        0.03911624103784561,
        0.06596238911151886,
        0.030763186514377594,
        0.0321785993874073,
        0.04311899095773697
    ],
    "accuracy": [
        0.9788340926170349,
        0.9782428741455078,
        0.9772968888282776,
        0.9814354777336121,
        0.9835638999938965,
        0.9849828481674194,
        0.984273374080658,
        0.9866383075714111,
        0.9875842332839966,
        0.9845098853111267,
        0.9868747591972351,
        0.9797800779342651,
        0.9888849258422852,
        0.9880572557449341,
        0.9859288334846497
    ],
    "val_loss": [
        0.42649027705192566,
        0.30341801047325134,
        0.41688552498817444,
        0.26503869891166687,
        0.2905536890029907,
        0.2800855040550232,
        0.2811311185359955,
        0.251249760389328,
        0.3370690643787384,
        0.28814005851745605,
        0.36377832293510437,
        0.26811328530311584,
        0.26795196533203125,
        0.2901966869831085,
        0.24562934041023254
    ],
    "val_accuracy": [
        0.9011820554733276,
        0.9257683157920837,
        0.886997640132904,
        0.9219858050346375,
        0.9262411594390869,
        0.9342789649963379,
        0.9333333373069763,
        0.9366430044174194,
        0.921513020992279,
        0.9262411594390869,
        0.93096923828125,
        0.9281324148178101,
        0.92955082654953,
        0.9390071034431458,
        0.9319148659706116
    ]
}